sqft,bedrooms,bathrooms,age_years,garage,location_score,price
2098.0,4,3.0,32.0,1.0,4.84,402161
1717.0,1,3.0,49.0,2.0,5.93,324381
2189.0,3,1.0,37.0,1.0,2.57,338122
2714.0,5,3.0,26.0,1.0,3.66,457557
1660.0,3,3.0,33.0,0.0,6.97,305154
1660.0,3,2.0,14.0,2.0,9.69,322126
2748.0,1,1.0,31.0,2.0,1.45,429159
2260.0,1,1.0,20.0,2.0,9.01,391237
1518.0,1,1.0,45.0,1.0,6.19,258415
2126.0,2,3.0,4.0,2.0,6.08,404448
1522.0,4,1.0,5.0,2.0,5.5,283342
1521.0,2,3.0,37.0,0.0,1.62,266635
1945.0,4,3.0,21.0,0.0,1.81,329391
652.0,4,2.0,17.0,0.0,6.41,197573
765.0,3,2.0,13.0,1.0,4.07,192915
1463.0,3,2.0,9.0,2.0,9.26,303475
1989.0,4,2.0,12.0,0.0,2.29,330407
953.0,2,3.0,29.0,2.0,3.64,188138
2679.0,3,1.0,2.0,2.0,5.73,481458
1665.0,1,3.0,29.0,2.0,7.28,338646
1841.0,4,3.0,5.0,1.0,9.1,361534
945.0,2,2.0,28.0,1.0,8.13,181969
1473.0,3,3.0,7.0,0.0,7.09,297830
1867.0,2,2.0,43.0,2.0,7.12,347238
2025.0,4,1.0,42.0,2.0,3.66,347644
1440.0,5,3.0,43.0,2.0,1.01,286043
1625.0,1,1.0,32.0,2.0,3.45,242492
1439.0,5,3.0,16.0,1.0,2.96,288181
2911.0,3,1.0,47.0,1.0,6.96,473886
1792.0,2,2.0,10.0,2.0,6.7,335165
1165.0,3,2.0,12.0,0.0,6.34,247159
2294.0,4,2.0,49.0,2.0,1.15,380572
1067.0,5,2.0,10.0,2.0,7.56,237766
1925.0,5,3.0,30.0,0.0,3.91,343838
624.0,5,1.0,27.0,2.0,6.99,190456
1003.0,3,3.0,43.0,0.0,6.01,205943
1918.0,4,2.0,5.0,1.0,4.08,366245
2243.0,2,3.0,40.0,1.0,2.21,369272
1731.0,3,3.0,3.0,1.0,8.48,340568
1619.0,5,1.0,34.0,1.0,9.27,310716
913.0,1,3.0,47.0,0.0,6.85,185129
1368.0,3,1.0,25.0,1.0,1.93,253279
1524.0,3,1.0,11.0,2.0,4.62,270420
2434.0,4,2.0,10.0,2.0,7.56,441304
2006.0,2,1.0,36.0,0.0,8.02,342569
742.0,3,2.0,24.0,1.0,2.06,173944
1994.0,3,2.0,17.0,2.0,1.0,348116
1394.0,5,3.0,22.0,1.0,4.21,279729
2167.0,1,3.0,37.0,1.0,3.29,349314
2359.0,1,3.0,25.0,2.0,5.86,403057
1296.0,5,1.0,5.0,0.0,8.66,276922
1614.0,2,1.0,3.0,0.0,9.62,305340
1999.0,5,3.0,43.0,2.0,6.09,368662
2385.0,4,1.0,28.0,0.0,5.63,432021
1689.0,4,2.0,16.0,2.0,5.94,327735
1082.0,4,2.0,42.0,0.0,6.46,210087
2288.0,4,2.0,15.0,1.0,4.5,407313
2614.0,4,1.0,1.0,1.0,3.16,450355
1757.0,2,3.0,33.0,1.0,1.85,295489
2402.0,1,1.0,7.0,2.0,3.83,385101
2017.0,3,1.0,12.0,0.0,1.87,332804
1413.0,1,1.0,41.0,2.0,2.59,237804
2017.0,4,2.0,7.0,0.0,9.89,389758
1779.0,5,2.0,31.0,1.0,5.79,338715
2739.0,2,3.0,35.0,1.0,8.86,481892
500.0,4,1.0,46.0,1.0,9.96,152180
2293.0,2,3.0,29.0,2.0,6.24,400081
1852.0,2,2.0,0.0,0.0,8.31,333726
1621.0,4,3.0,42.0,0.0,3.94,273521
607.0,3,1.0,16.0,1.0,4.62,151794
1668.0,3,2.0,19.0,1.0,7.05,325733
2014.0,2,2.0,23.0,1.0,7.14,370507
2687.0,5,3.0,49.0,0.0,3.84,453273
1489.0,4,2.0,21.0,2.0,2.2,266477
1315.0,3,2.0,28.0,2.0,6.69,245987
1499.0,5,1.0,21.0,2.0,2.15,262776
2349.0,2,2.0,43.0,2.0,6.21,416101
1997.0,5,2.0,8.0,1.0,7.24,380394
1482.0,1,1.0,36.0,1.0,7.31,274672
2108.0,3,1.0,9.0,1.0,7.78,381797
1858.0,2,3.0,35.0,2.0,8.86,337372
2381.0,4,2.0,36.0,1.0,5.5,398261
1379.0,2,1.0,27.0,1.0,7.57,248354
1603.0,4,3.0,27.0,0.0,6.57,331147
1565.0,2,3.0,41.0,0.0,2.68,245346
922.0,5,2.0,42.0,1.0,1.23,211191
1957.0,5,3.0,23.0,0.0,4.99,376181
1803.0,1,1.0,41.0,1.0,6.55,298551
951.0,5,2.0,1.0,1.0,2.77,192876
1548.0,1,1.0,7.0,1.0,2.13,255816
1594.0,4,1.0,47.0,2.0,9.67,292638
2042.0,3,3.0,36.0,0.0,6.27,352184
2932.0,1,3.0,26.0,1.0,5.87,511384
1905.0,1,3.0,28.0,1.0,1.77,325584
1955.0,4,1.0,2.0,0.0,1.51,363207
649.0,3,2.0,12.0,1.0,6.27,164704
1784.0,5,2.0,44.0,1.0,5.9,291799
1836.0,5,3.0,9.0,2.0,3.1,348212
3278.0,1,3.0,35.0,2.0,6.74,543369
1685.0,4,3.0,8.0,0.0,8.38,342901
1981.0,4,2.0,26.0,2.0,1.37,342375
1779.0,5,1.0,33.0,2.0,5.48,332791
1099.0,3,1.0,0.0,2.0,7.2,198139
2486.0,2,3.0,31.0,0.0,3.27,411551
2251.0,3,3.0,24.0,2.0,3.77,401775
2275.0,2,3.0,28.0,2.0,6.52,421877
1254.0,5,3.0,6.0,0.0,9.08,294093
2642.0,2,2.0,48.0,2.0,8.29,447737
959.0,4,1.0,2.0,2.0,6.25,236648
2152.0,1,3.0,19.0,0.0,7.57,341817
3114.0,1,2.0,19.0,1.0,4.28,495334
1206.0,5,3.0,29.0,0.0,6.77,246708
1860.0,3,1.0,34.0,2.0,2.71,280535
1498.0,4,3.0,48.0,2.0,7.32,315060
870.0,1,1.0,38.0,0.0,6.01,151734
1163.0,4,1.0,25.0,2.0,9.2,257249
2084.0,4,2.0,13.0,0.0,1.19,375003
2730.0,3,1.0,17.0,1.0,1.51,444239
2288.0,4,3.0,19.0,2.0,3.98,397358
1061.0,5,1.0,26.0,0.0,7.08,218569
1936.0,1,3.0,17.0,0.0,4.56,324894
836.0,4,3.0,0.0,1.0,5.09,202473
1911.0,4,1.0,49.0,0.0,4.71,346293
1956.0,4,2.0,0.0,2.0,9.41,383492
2269.0,3,3.0,25.0,1.0,3.26,382839
1058.0,5,3.0,44.0,2.0,2.08,219991
2113.0,2,3.0,22.0,1.0,9.72,372656
1950.0,1,2.0,10.0,1.0,1.56,317853
2008.0,5,2.0,40.0,1.0,4.05,372084
1939.0,2,2.0,4.0,1.0,2.46,347924
1371.0,1,2.0,16.0,1.0,9.98,254988
2919.0,3,3.0,21.0,2.0,5.07,483116
2084.0,5,3.0,33.0,0.0,4.19,404124
2194.0,3,3.0,40.0,0.0,2.04,375319
1215.0,5,2.0,28.0,1.0,8.95,243404
2495.0,1,1.0,4.0,2.0,4.49,430100
1308.0,3,1.0,10.0,2.0,6.94,259993
2378.0,4,2.0,20.0,1.0,4.98,415003
1653.0,2,2.0,18.0,2.0,9.46,322401
1348.0,3,1.0,44.0,0.0,6.84,252774
1311.0,2,2.0,46.0,0.0,2.36,207822
1754.0,1,3.0,6.0,0.0,5.3,287842
1966.0,5,2.0,39.0,1.0,6.24,352443
2296.0,1,3.0,4.0,2.0,4.61,375939
1808.0,3,1.0,20.0,1.0,4.04,303477
2672.0,2,1.0,13.0,1.0,2.14,433265
1641.0,4,3.0,3.0,2.0,4.53,322231
2175.0,5,3.0,41.0,2.0,7.61,384283
1286.0,4,1.0,19.0,1.0,2.88,240862
1157.0,2,3.0,14.0,1.0,1.53,203544
2089.0,2,3.0,49.0,2.0,5.97,356908
1666.0,4,1.0,44.0,2.0,6.36,303278
2228.0,2,3.0,28.0,2.0,8.85,412947
2084.0,5,3.0,7.0,1.0,6.19,414760
1292.0,5,2.0,47.0,0.0,8.23,258617
891.0,5,1.0,18.0,1.0,5.86,204348
2314.0,1,1.0,38.0,1.0,6.09,351901
1928.0,2,2.0,45.0,2.0,9.17,365008
1053.0,3,1.0,27.0,1.0,4.57,214769
1904.0,2,1.0,45.0,2.0,3.67,341246
2031.0,2,1.0,26.0,0.0,2.29,359342
1270.0,2,2.0,3.0,0.0,2.36,211128
1892.0,1,3.0,14.0,2.0,4.89,330279
1835.0,2,1.0,34.0,2.0,6.36,357717
1114.0,1,3.0,36.0,2.0,1.73,191152
2015.0,4,1.0,0.0,1.0,9.46,395145
2136.0,3,3.0,2.0,0.0,7.8,377635
2432.0,4,2.0,23.0,1.0,8.46,472601
973.0,1,1.0,26.0,0.0,1.72,174918
1237.0,1,3.0,39.0,1.0,5.29,213404
2108.0,5,1.0,33.0,1.0,8.46,375067
2109.0,5,1.0,28.0,0.0,8.05,375843
4112.0,1,2.0,23.0,0.0,3.49,614061
2481.0,4,1.0,41.0,2.0,2.12,430948
2372.0,2,3.0,3.0,0.0,8.88,438073
2191.0,2,3.0,2.0,2.0,9.74,438811
1611.0,1,3.0,33.0,1.0,2.59,284196
2255.0,1,1.0,48.0,2.0,7.5,365598
1336.0,1,2.0,22.0,2.0,1.36,212866
1658.0,1,1.0,22.0,2.0,4.65,272113
3189.0,5,3.0,30.0,0.0,9.42,524869
680.0,5,2.0,40.0,0.0,7.05,178069
2212.0,1,2.0,5.0,0.0,5.33,376999
832.0,3,1.0,36.0,1.0,8.29,189363
1517.0,4,3.0,9.0,2.0,9.55,344655
2453.0,2,1.0,39.0,0.0,1.2,379480
1839.0,5,1.0,6.0,1.0,9.84,396472
1371.0,3,3.0,37.0,0.0,8.33,259413
2208.0,2,1.0,20.0,2.0,3.52,365213
1362.0,2,1.0,19.0,1.0,2.19,197796
1930.0,5,1.0,2.0,2.0,4.96,353742
1827.0,1,1.0,21.0,2.0,6.8,313865
3086.0,5,1.0,3.0,2.0,1.49,511655
2180.0,3,3.0,27.0,1.0,6.4,372835
585.0,1,1.0,11.0,2.0,9.12,121532
1403.0,5,1.0,35.0,2.0,2.95,290937
2311.0,1,1.0,46.0,0.0,4.98,366702
1324.0,4,3.0,40.0,1.0,1.44,253943
1731.0,2,3.0,4.0,0.0,8.38,320095
2103.0,5,2.0,12.0,0.0,8.44,380032
2319.0,3,2.0,22.0,0.0,6.29,386062
1080.0,4,3.0,49.0,0.0,4.18,206906
1515.0,1,1.0,36.0,1.0,5.99,242117
1408.0,1,3.0,24.0,2.0,8.43,266572
2043.0,1,1.0,26.0,0.0,8.06,315891
1043.0,3,2.0,13.0,1.0,6.39,226301
2351.0,4,1.0,47.0,1.0,4.73,395432
888.0,3,1.0,38.0,2.0,6.45,195885
1509.0,2,1.0,15.0,0.0,2.98,278780
2560.0,2,3.0,21.0,0.0,6.63,444610
1375.0,1,3.0,20.0,2.0,6.14,251883
2066.0,3,3.0,20.0,1.0,2.66,361438
1244.0,2,1.0,48.0,1.0,6.44,208408
1764.0,2,3.0,15.0,0.0,7.87,340758
500.0,4,2.0,30.0,1.0,5.71,134467
1185.0,5,2.0,41.0,2.0,3.04,250586
1648.0,5,2.0,9.0,2.0,7.0,331126
1051.0,2,3.0,31.0,0.0,1.72,179687
2779.0,1,3.0,33.0,1.0,4.98,446802
942.0,4,1.0,8.0,1.0,2.47,174836
1536.0,5,1.0,16.0,1.0,2.66,297913
1878.0,2,3.0,10.0,0.0,2.82,357656
938.0,4,2.0,9.0,2.0,1.46,185367
2498.0,4,2.0,21.0,1.0,4.58,423906
1806.0,3,1.0,16.0,0.0,5.61,310752
1211.0,2,2.0,3.0,1.0,5.35,263659
1919.0,3,1.0,46.0,2.0,8.55,336898
1440.0,3,2.0,24.0,1.0,2.31,236915
1842.0,5,2.0,20.0,2.0,5.55,358443
1569.0,5,3.0,36.0,2.0,1.56,290105
1868.0,3,3.0,37.0,0.0,1.64,294861
2197.0,5,2.0,48.0,2.0,6.16,383023
1057.0,1,1.0,24.0,0.0,8.9,205599
3080.0,4,1.0,35.0,2.0,6.02,522103
629.0,3,1.0,16.0,0.0,9.64,166088
1709.0,3,1.0,40.0,1.0,1.44,298450
2153.0,4,3.0,23.0,0.0,1.88,355181
1675.0,3,1.0,14.0,2.0,5.87,285809
1504.0,2,1.0,31.0,1.0,6.81,256439
2310.0,4,1.0,5.0,1.0,9.51,444936
2014.0,5,2.0,0.0,2.0,8.58,419085
1384.0,4,1.0,46.0,2.0,3.67,240149
2340.0,3,2.0,22.0,1.0,1.69,381452
1984.0,5,1.0,38.0,0.0,2.53,310481
2288.0,4,2.0,16.0,0.0,2.14,403849
2178.0,3,3.0,33.0,2.0,2.11,387164
1303.0,2,1.0,40.0,1.0,5.67,245985
1464.0,4,2.0,28.0,1.0,3.21,293708
2248.0,2,3.0,8.0,0.0,4.22,394704
2166.0,2,1.0,12.0,0.0,9.91,413814
1870.0,5,1.0,5.0,1.0,9.54,349258
2567.0,4,2.0,19.0,0.0,2.28,443816
1445.0,2,2.0,2.0,0.0,4.44,238897
2128.0,1,3.0,16.0,2.0,5.99,377755
1679.0,3,2.0,48.0,0.0,1.69,286587
1669.0,4,2.0,11.0,0.0,1.04,298961
2459.0,2,1.0,47.0,1.0,7.03,440733
2295.0,5,1.0,46.0,1.0,6.78,375680
2583.0,2,1.0,0.0,0.0,5.41,436789
2209.0,2,1.0,2.0,1.0,1.22,345150
1614.0,4,1.0,25.0,2.0,4.02,282991
1994.0,4,3.0,14.0,1.0,2.59,342649
1722.0,4,3.0,35.0,2.0,1.89,306596
2157.0,4,3.0,31.0,0.0,6.39,394804
1309.0,5,1.0,3.0,2.0,7.56,296391
3055.0,2,3.0,17.0,0.0,3.84,511733
1196.0,3,1.0,48.0,0.0,4.54,201998
1071.0,5,3.0,18.0,0.0,3.13,229652
2495.0,5,2.0,42.0,0.0,1.87,430120
2275.0,4,3.0,34.0,2.0,2.61,401990
2174.0,1,3.0,39.0,1.0,8.18,405444
2177.0,2,1.0,13.0,1.0,7.1,396273
1793.0,1,3.0,32.0,1.0,5.92,338286
1262.0,2,2.0,13.0,2.0,5.28,207741
1845.0,2,1.0,33.0,0.0,9.3,330282
1394.0,1,1.0,3.0,1.0,1.65,228970
1712.0,2,1.0,28.0,0.0,4.15,273438
2048.0,3,1.0,32.0,1.0,3.17,347046
1307.0,4,1.0,39.0,1.0,8.48,253372
1947.0,3,3.0,0.0,2.0,4.59,366199
1496.0,4,2.0,4.0,0.0,4.69,305619
1517.0,4,1.0,26.0,1.0,9.8,291084
1939.0,2,1.0,15.0,0.0,2.63,317314
956.0,2,2.0,39.0,0.0,4.01,177285
1369.0,3,3.0,12.0,2.0,7.58,293613
1672.0,4,2.0,47.0,2.0,4.78,319811
1987.0,2,1.0,34.0,0.0,6.21,327914
2685.0,1,3.0,18.0,1.0,8.49,456997
2315.0,2,3.0,11.0,2.0,8.24,433515
1704.0,5,1.0,15.0,0.0,8.8,335853
1789.0,1,3.0,42.0,2.0,1.54,305804
1198.0,3,2.0,9.0,1.0,7.23,256961
1627.0,2,2.0,19.0,0.0,4.74,291308
1304.0,5,1.0,3.0,1.0,4.62,281376
2112.0,1,3.0,43.0,2.0,5.68,336666
2720.0,5,2.0,22.0,0.0,9.97,517121
1735.0,3,1.0,1.0,2.0,2.22,313610
2214.0,3,3.0,36.0,1.0,4.56,394383
1559.0,2,1.0,7.0,0.0,2.2,271045
1808.0,5,2.0,13.0,0.0,9.54,384167
1859.0,5,3.0,2.0,0.0,8.92,385657
1815.0,1,1.0,15.0,0.0,9.92,320202
2099.0,2,3.0,18.0,0.0,2.87,353119
2671.0,3,2.0,17.0,2.0,4.2,473324
2376.0,5,3.0,15.0,1.0,7.02,439103
3092.0,2,1.0,7.0,0.0,5.35,503463
1340.0,3,1.0,32.0,2.0,4.77,274492
3114.0,1,3.0,10.0,2.0,6.18,538634
1296.0,3,1.0,26.0,2.0,5.25,224809
1485.0,4,2.0,5.0,0.0,2.89,279291
1345.0,2,3.0,32.0,0.0,7.68,257058
1890.0,2,2.0,4.0,1.0,1.23,323121
2926.0,4,1.0,13.0,0.0,8.02,505438
2370.0,5,3.0,4.0,0.0,6.08,458786
1454.0,1,3.0,32.0,2.0,3.35,271813
1261.0,4,2.0,49.0,1.0,7.25,234046
2095.0,3,3.0,47.0,1.0,6.11,381114
1008.0,1,1.0,40.0,1.0,8.17,178589
2899.0,1,2.0,18.0,1.0,7.62,482289
2508.0,3,1.0,21.0,0.0,6.49,423275
1518.0,1,2.0,4.0,0.0,5.39,274374
2612.0,5,2.0,29.0,1.0,3.35,454077
1731.0,1,2.0,46.0,0.0,4.77,278659
2543.0,4,1.0,38.0,0.0,6.39,446882
843.0,2,1.0,3.0,2.0,5.62,171078
1440.0,4,2.0,32.0,2.0,3.59,268866
1803.0,5,3.0,12.0,2.0,1.06,350700
1530.0,3,1.0,6.0,0.0,3.57,267353
2174.0,5,3.0,14.0,2.0,7.61,400420
1159.0,2,1.0,22.0,1.0,1.22,199655
1715.0,3,3.0,13.0,2.0,6.26,308323
1872.0,4,2.0,22.0,2.0,9.47,366005
2109.0,5,1.0,18.0,2.0,2.57,391832
2227.0,2,1.0,28.0,2.0,5.24,385221
1125.0,3,2.0,19.0,0.0,1.82,174041
880.0,2,1.0,28.0,1.0,6.63,180092
2567.0,4,3.0,23.0,2.0,5.95,456477
1999.0,2,3.0,17.0,1.0,4.67,333634
2731.0,3,3.0,40.0,1.0,9.07,473573
1869.0,2,1.0,7.0,2.0,2.77,313461
2508.0,4,2.0,25.0,0.0,1.2,415513
1841.0,4,1.0,28.0,2.0,8.75,342463
3036.0,2,2.0,9.0,1.0,6.19,515374
2383.0,5,3.0,5.0,2.0,8.29,477293
2187.0,5,1.0,4.0,1.0,4.87,416839
2621.0,1,3.0,27.0,0.0,7.75,418791
2212.0,1,1.0,4.0,0.0,6.15,395469
2435.0,4,2.0,17.0,0.0,2.63,437254
745.0,1,2.0,25.0,2.0,3.42,152115
1090.0,4,2.0,19.0,1.0,2.79,200085
2701.0,4,3.0,48.0,1.0,6.29,472418
1844.0,3,1.0,11.0,2.0,4.84,321290
2777.0,5,3.0,6.0,0.0,6.54,487073
972.0,4,3.0,2.0,1.0,1.73,214448
778.0,4,3.0,9.0,1.0,1.79,203154
1767.0,1,2.0,33.0,0.0,2.55,299882
2030.0,1,3.0,24.0,2.0,5.66,365487
560.0,4,2.0,15.0,1.0,3.55,151744
1017.0,1,3.0,23.0,0.0,8.31,222111
2020.0,4,1.0,37.0,2.0,6.84,367708
1236.0,4,3.0,21.0,2.0,7.02,266796
1492.0,2,1.0,25.0,1.0,8.19,279375
1164.0,5,1.0,42.0,0.0,9.39,239724
1762.0,4,1.0,38.0,0.0,1.18,297072
2373.0,1,3.0,26.0,2.0,2.38,376614
1209.0,2,3.0,28.0,1.0,8.98,242155
2102.0,5,1.0,46.0,2.0,5.13,362189
1482.0,2,2.0,37.0,1.0,6.08,279143
1324.0,1,2.0,19.0,1.0,6.97,247802
1736.0,5,3.0,26.0,1.0,7.11,338013
1179.0,2,3.0,40.0,1.0,9.39,236155
1468.0,3,3.0,19.0,0.0,9.97,302592
1081.0,1,3.0,43.0,1.0,7.48,232431
2979.0,1,3.0,18.0,1.0,3.58,467202
1821.0,1,2.0,19.0,2.0,8.92,346395
1380.0,3,3.0,34.0,2.0,1.44,254318
1733.0,4,1.0,1.0,2.0,9.08,372776
1667.0,2,2.0,29.0,1.0,3.31,292231
2255.0,2,2.0,21.0,0.0,2.24,339000
1635.0,4,3.0,14.0,0.0,7.07,308155
891.0,4,1.0,9.0,1.0,7.82,223272
2787.0,4,1.0,32.0,1.0,3.81,467828
1651.0,1,2.0,31.0,2.0,4.7,280756
2146.0,2,3.0,47.0,2.0,2.89,362284
1987.0,2,3.0,5.0,1.0,9.79,378043
3647.0,5,3.0,40.0,2.0,6.81,631551
2472.0,3,1.0,35.0,2.0,9.41,427175
1723.0,2,2.0,1.0,2.0,3.73,311902
1227.0,3,3.0,28.0,0.0,8.04,259523
836.0,4,2.0,3.0,1.0,7.89,213647
1346.0,5,3.0,18.0,1.0,9.69,289463
947.0,3,3.0,25.0,1.0,4.54,189347
1412.0,2,2.0,24.0,2.0,2.18,238091
1151.0,3,3.0,9.0,1.0,7.05,245240
2812.0,2,2.0,14.0,0.0,7.56,501040
1795.0,2,3.0,47.0,0.0,2.86,276936
2688.0,4,1.0,20.0,1.0,5.54,471020
1846.0,2,3.0,21.0,0.0,3.81,339711
2714.0,1,2.0,33.0,0.0,6.81,474208
2123.0,2,2.0,29.0,0.0,7.71,376764
1686.0,5,2.0,44.0,0.0,4.65,328115
1275.0,1,1.0,27.0,2.0,3.42,231396
2356.0,1,2.0,48.0,1.0,8.05,411874
961.0,4,3.0,3.0,2.0,4.33,238647
1410.0,3,2.0,48.0,0.0,9.07,252444
1508.0,1,2.0,8.0,0.0,8.62,297149
1445.0,1,1.0,35.0,0.0,2.65,223683
1282.0,5,1.0,18.0,1.0,9.61,283347
1829.0,5,1.0,0.0,0.0,4.39,344224
1301.0,2,1.0,9.0,1.0,4.05,238285
1962.0,5,3.0,35.0,0.0,1.56,365503
1770.0,2,3.0,8.0,2.0,5.38,309860
1657.0,4,2.0,44.0,2.0,1.98,262565
1255.0,1,1.0,45.0,2.0,3.24,175004
1454.0,4,1.0,41.0,2.0,3.85,278890
2253.0,5,2.0,31.0,1.0,8.28,408281
2101.0,4,1.0,31.0,0.0,8.88,383962
1213.0,4,1.0,5.0,2.0,3.72,242410
1860.0,4,1.0,47.0,1.0,8.73,327786
2251.0,5,1.0,37.0,2.0,8.72,429472
798.0,4,1.0,16.0,2.0,7.88,195251
2142.0,4,2.0,26.0,0.0,9.51,410692
1342.0,5,1.0,49.0,0.0,7.14,244136
823.0,2,3.0,20.0,2.0,5.51,204795
1956.0,3,3.0,27.0,0.0,5.6,354025
1257.0,3,2.0,46.0,1.0,2.08,211436
2183.0,5,2.0,14.0,0.0,3.81,402005
803.0,3,1.0,3.0,0.0,8.22,171821
1760.0,2,3.0,28.0,2.0,8.75,360251
1073.0,2,2.0,8.0,0.0,2.24,172069
1409.0,1,1.0,26.0,2.0,9.57,264528
1828.0,2,1.0,25.0,0.0,3.96,310077
1284.0,3,2.0,18.0,1.0,6.96,248072
1569.0,2,3.0,27.0,0.0,7.77,282071
2404.0,5,1.0,16.0,0.0,8.31,443437
1454.0,1,3.0,42.0,0.0,9.51,271805
2301.0,3,3.0,40.0,2.0,3.82,394383
2118.0,3,1.0,49.0,0.0,2.19,328191
2665.0,5,3.0,19.0,2.0,7.35,497762
500.0,1,1.0,44.0,1.0,7.68,101790
1322.0,4,3.0,39.0,2.0,7.1,259537
2146.0,3,1.0,38.0,2.0,3.27,353019
1678.0,4,3.0,48.0,1.0,8.86,318531
2023.0,1,2.0,22.0,0.0,2.52,318270
1438.0,4,3.0,46.0,2.0,1.48,275535
1852.0,4,3.0,31.0,2.0,7.46,353767
1707.0,1,1.0,46.0,0.0,5.28,263442
2501.0,5,1.0,32.0,0.0,8.64,448731
1953.0,4,3.0,45.0,1.0,4.45,348214
1553.0,5,2.0,42.0,1.0,8.53,306095
1507.0,4,1.0,47.0,0.0,5.94,265236
1540.0,4,2.0,33.0,2.0,2.7,277501
2037.0,4,3.0,39.0,2.0,7.48,392301
1547.0,2,1.0,10.0,1.0,5.6,283162
1974.0,5,3.0,49.0,0.0,6.44,380193
3045.0,4,1.0,2.0,2.0,5.15,527352
2323.0,5,1.0,32.0,1.0,8.46,451334
1604.0,3,1.0,10.0,2.0,8.47,309077
2521.0,3,1.0,15.0,2.0,7.38,433988
1555.0,4,2.0,17.0,0.0,1.95,286726
577.0,5,3.0,29.0,0.0,8.55,193278
1195.0,5,3.0,47.0,2.0,7.04,236286
678.0,5,3.0,9.0,1.0,7.27,192540
1811.0,3,2.0,37.0,2.0,8.91,343868
2806.0,5,3.0,18.0,0.0,7.53,507671
1996.0,5,2.0,35.0,0.0,2.01,364171
2298.0,2,3.0,45.0,2.0,8.98,429655
500.0,5,2.0,2.0,1.0,1.42,132397
2263.0,5,2.0,37.0,1.0,7.11,415870
913.0,5,3.0,0.0,0.0,6.68,254287
2486.0,2,3.0,26.0,2.0,3.44,396958
2003.0,2,1.0,45.0,0.0,3.24,298702
2180.0,5,1.0,45.0,1.0,3.68,361874
1524.0,5,1.0,5.0,2.0,1.1,266838
1290.0,4,3.0,42.0,0.0,5.9,252342
2298.0,1,3.0,24.0,0.0,9.78,403656
1843.0,1,2.0,48.0,1.0,4.21,289059
1513.0,4,3.0,27.0,0.0,4.1,290224
2087.0,3,3.0,32.0,0.0,5.68,349964
2000.0,5,2.0,36.0,1.0,4.97,396969
2423.0,4,2.0,8.0,0.0,8.92,444381
1638.0,2,1.0,20.0,0.0,5.57,310382
1213.0,4,2.0,1.0,1.0,2.25,231838
1533.0,2,3.0,42.0,2.0,9.84,325248
2026.0,4,3.0,37.0,1.0,3.25,349534
2254.0,4,3.0,39.0,1.0,1.66,391006
2322.0,3,1.0,49.0,0.0,6.36,365215
2048.0,5,2.0,36.0,1.0,4.8,378806
2926.0,4,1.0,14.0,0.0,8.07,490501
1336.0,5,3.0,27.0,2.0,2.76,262060
1053.0,2,1.0,17.0,0.0,8.38,231404
733.0,5,2.0,33.0,0.0,6.84,188611
2698.0,2,3.0,21.0,2.0,4.77,454069
2193.0,5,2.0,10.0,0.0,5.12,392541
1767.0,1,3.0,12.0,2.0,3.31,338770
1125.0,1,3.0,21.0,0.0,5.62,211397
3267.0,1,3.0,6.0,1.0,3.89,514586
1878.0,1,3.0,42.0,1.0,6.36,342174
1866.0,1,1.0,23.0,0.0,9.96,332047
2235.0,2,3.0,3.0,2.0,4.92,403078
1934.0,5,1.0,14.0,1.0,4.11,344773
1326.0,1,1.0,0.0,1.0,1.49,250549
2083.0,2,1.0,2.0,2.0,2.84,349762
2929.0,2,1.0,13.0,0.0,4.77,475221
2607.0,2,1.0,37.0,1.0,2.98,453044
1493.0,5,3.0,0.0,1.0,9.24,311550
1206.0,4,3.0,37.0,2.0,8.59,267639
1725.0,3,2.0,37.0,1.0,7.68,315991
1833.0,2,3.0,20.0,1.0,2.51,321073
2457.0,3,3.0,47.0,0.0,2.08,395390
785.0,1,1.0,28.0,0.0,1.61,158954
2718.0,1,1.0,4.0,1.0,7.52,469592
1705.0,4,3.0,48.0,1.0,9.36,316451
807.0,5,3.0,20.0,2.0,5.61,201405
2294.0,4,3.0,49.0,2.0,4.14,384626
1023.0,5,1.0,44.0,2.0,7.47,233099
1599.0,1,2.0,46.0,2.0,2.0,249904
2801.0,3,3.0,19.0,2.0,1.32,449937
1644.0,1,3.0,18.0,0.0,9.95,316346
898.0,5,2.0,34.0,2.0,3.09,199200
1653.0,3,2.0,3.0,2.0,1.48,306185
1636.0,3,2.0,4.0,2.0,2.71,261666
1767.0,5,1.0,3.0,0.0,4.53,346608
1661.0,4,2.0,11.0,0.0,8.22,314970
2218.0,5,1.0,26.0,0.0,4.07,389059
2909.0,2,3.0,41.0,2.0,5.0,464024
2476.0,4,2.0,22.0,2.0,7.08,458766
1639.0,3,1.0,24.0,1.0,5.58,309669
1136.0,4,2.0,20.0,0.0,8.75,259156
1836.0,3,3.0,24.0,0.0,1.09,334234
1808.0,4,3.0,44.0,1.0,8.0,325655
1786.0,3,2.0,45.0,1.0,5.15,299232
1919.0,3,2.0,31.0,1.0,9.9,375289
1713.0,2,1.0,31.0,0.0,5.35,307206
1456.0,5,3.0,4.0,2.0,9.88,321666
1472.0,5,2.0,35.0,2.0,7.79,291080
1780.0,2,3.0,45.0,1.0,3.24,288956
1474.0,4,3.0,41.0,2.0,5.85,263743
1372.0,1,1.0,48.0,1.0,9.93,230419
1864.0,1,1.0,41.0,0.0,8.72,297958
1647.0,1,1.0,38.0,1.0,1.88,251022
2702.0,2,1.0,15.0,0.0,7.36,460709
500.0,2,3.0,32.0,1.0,4.11,124053
2548.0,1,1.0,20.0,2.0,4.63,410045
556.0,4,1.0,8.0,1.0,3.11,138814
1594.0,4,1.0,5.0,2.0,8.37,302067
1577.0,1,3.0,44.0,2.0,4.04,283142
955.0,1,1.0,34.0,2.0,8.45,209843
1333.0,1,3.0,38.0,0.0,1.01,202640
1134.0,2,2.0,21.0,2.0,3.77,208423
2851.0,2,3.0,40.0,0.0,3.17,476206
2361.0,2,3.0,4.0,1.0,3.1,403876
2233.0,4,2.0,22.0,2.0,2.68,387986
1123.0,4,2.0,16.0,2.0,6.0,265730
1485.0,3,2.0,11.0,1.0,3.62,282756
2094.0,2,2.0,22.0,0.0,4.76,363041
2228.0,5,2.0,2.0,2.0,8.88,429259
1575.0,2,3.0,21.0,1.0,5.44,302488
2067.0,2,2.0,28.0,1.0,1.96,320126
1583.0,1,1.0,46.0,1.0,9.58,308513
2496.0,2,1.0,36.0,0.0,1.54,400721
1151.0,1,2.0,22.0,0.0,3.68,200663
2156.0,3,1.0,31.0,2.0,3.88,368277
1614.0,4,3.0,45.0,1.0,2.48,293797
1996.0,2,3.0,46.0,2.0,8.05,328099
1049.0,1,2.0,47.0,1.0,2.1,200097
2354.0,2,2.0,22.0,0.0,6.71,391885
1486.0,4,3.0,16.0,0.0,1.63,273652
2429.0,5,2.0,39.0,1.0,9.18,476788
1377.0,4,2.0,20.0,1.0,2.71,256843
955.0,3,2.0,1.0,1.0,8.39,248522
866.0,1,2.0,36.0,0.0,5.9,167513
2164.0,5,2.0,5.0,1.0,1.7,372116
1032.0,3,2.0,43.0,0.0,9.6,219277
2853.0,2,1.0,17.0,2.0,3.22,463767
551.0,1,3.0,29.0,1.0,8.74,125549
2818.0,4,3.0,21.0,1.0,2.52,484143
1927.0,1,2.0,32.0,1.0,8.69,340751
1473.0,5,3.0,16.0,1.0,5.61,305888
2039.0,5,3.0,42.0,0.0,7.92,372781
1777.0,5,2.0,31.0,0.0,9.41,361704
2462.0,4,2.0,41.0,1.0,9.18,433345
1869.0,3,3.0,13.0,1.0,8.38,315169
1890.0,3,3.0,9.0,2.0,8.99,375926
1582.0,1,2.0,46.0,2.0,2.79,247929
1766.0,4,1.0,35.0,2.0,3.56,316895
1985.0,5,3.0,33.0,1.0,3.6,391189
991.0,2,3.0,41.0,2.0,4.54,190386
2246.0,2,1.0,27.0,0.0,5.9,362501
1903.0,5,1.0,10.0,2.0,2.44,355343
1690.0,5,1.0,13.0,0.0,7.22,323494
1811.0,4,2.0,38.0,0.0,2.51,315076
2009.0,3,1.0,46.0,2.0,3.79,325333
1918.0,4,3.0,27.0,1.0,7.66,384166
1213.0,5,1.0,23.0,2.0,6.81,249646
778.0,5,1.0,42.0,0.0,5.92,152413
2417.0,5,1.0,8.0,1.0,1.79,429277
2084.0,1,2.0,46.0,2.0,4.4,325019
1954.0,3,3.0,32.0,2.0,4.72,354569
2390.0,3,1.0,32.0,0.0,1.36,394582
2799.0,5,3.0,18.0,2.0,3.47,491222
2409.0,4,3.0,2.0,1.0,9.6,446860
695.0,1,2.0,9.0,2.0,9.58,183187
1032.0,5,2.0,39.0,0.0,4.17,195578
1425.0,2,2.0,46.0,2.0,1.39,227642
1816.0,2,2.0,41.0,1.0,2.61,300889
2111.0,1,2.0,0.0,0.0,4.53,379649
1365.0,4,2.0,28.0,1.0,9.53,286731
1912.0,5,2.0,49.0,0.0,2.27,326006
1347.0,3,2.0,33.0,2.0,7.87,279936
1433.0,1,1.0,12.0,0.0,1.98,233610
1246.0,3,2.0,33.0,2.0,4.43,252760
989.0,2,2.0,28.0,1.0,7.98,201318
1214.0,2,3.0,47.0,2.0,4.08,171963
2432.0,3,1.0,46.0,0.0,6.65,392804
1230.0,1,3.0,12.0,2.0,2.73,244325
3379.0,2,3.0,47.0,0.0,2.31,528479
2096.0,5,2.0,48.0,2.0,9.44,392525
1911.0,3,3.0,28.0,2.0,9.26,386431
1285.0,3,3.0,38.0,1.0,8.99,263164
2220.0,2,2.0,23.0,0.0,6.63,351284
1455.0,1,2.0,25.0,1.0,8.27,248485
1873.0,5,2.0,16.0,0.0,1.62,339367
3336.0,1,2.0,6.0,2.0,4.01,544470
2490.0,4,3.0,4.0,1.0,6.72,448040
1378.0,2,1.0,25.0,1.0,4.2,236590
1779.0,2,1.0,48.0,1.0,2.34,267266
2862.0,2,3.0,2.0,0.0,6.37,486404
1424.0,4,1.0,6.0,1.0,8.33,265842
2887.0,1,3.0,48.0,1.0,4.44,455531
2225.0,1,1.0,38.0,1.0,2.19,342872
1463.0,2,2.0,0.0,2.0,2.77,267184
2384.0,1,2.0,16.0,0.0,3.7,415528
2173.0,4,2.0,42.0,0.0,6.79,371625
1364.0,3,2.0,2.0,2.0,7.26,282393
1651.0,3,1.0,14.0,1.0,4.26,301684
1755.0,5,3.0,28.0,1.0,8.42,340474
1907.0,4,1.0,31.0,2.0,5.22,366338
999.0,5,2.0,25.0,2.0,8.21,234498
2028.0,4,1.0,15.0,0.0,2.62,357759
2136.0,2,1.0,27.0,1.0,8.95,376793
2448.0,3,3.0,8.0,0.0,4.09,420657
2300.0,2,1.0,0.0,2.0,7.15,400697
1758.0,5,3.0,21.0,0.0,7.21,326404
2058.0,2,1.0,40.0,1.0,1.5,316847
1925.0,4,3.0,43.0,0.0,6.49,355856
1963.0,4,2.0,40.0,1.0,3.17,333155
1034.0,1,2.0,6.0,1.0,4.48,211507
2432.0,4,3.0,28.0,2.0,2.32,437769
1776.0,1,1.0,18.0,2.0,3.68,297417
2209.0,4,3.0,18.0,0.0,1.81,361447
1818.0,3,2.0,40.0,1.0,1.05,294967
2363.0,5,3.0,44.0,2.0,5.35,399602
1490.0,2,1.0,14.0,0.0,2.11,254089
1523.0,4,2.0,10.0,1.0,9.33,337300
1539.0,2,3.0,45.0,1.0,2.46,252996
1614.0,2,2.0,29.0,0.0,9.69,306317
1513.0,4,1.0,17.0,2.0,7.67,325130
2553.0,4,3.0,47.0,2.0,5.92,434961
1263.0,3,1.0,1.0,1.0,8.96,260817
1688.0,1,3.0,31.0,0.0,5.99,281090
1536.0,3,2.0,7.0,2.0,5.81,278242
2668.0,5,3.0,21.0,1.0,2.76,469240
2419.0,2,1.0,11.0,1.0,9.25,426631
909.0,5,1.0,46.0,2.0,3.95,173824
1960.0,4,3.0,39.0,2.0,4.35,357081
2334.0,3,1.0,35.0,2.0,7.84,418596
1849.0,5,1.0,14.0,2.0,4.05,342307
2439.0,4,1.0,27.0,2.0,9.57,467289
1490.0,1,3.0,48.0,2.0,7.64,259465
2646.0,1,1.0,44.0,2.0,6.38,424421
3179.0,2,3.0,17.0,2.0,8.93,559481
1582.0,4,1.0,1.0,2.0,1.45,295971
1533.0,1,2.0,12.0,1.0,3.31,265181
2672.0,3,1.0,44.0,2.0,5.19,423555
2748.0,4,1.0,14.0,0.0,3.04,493446
1486.0,3,3.0,19.0,1.0,7.7,294379
1548.0,3,3.0,28.0,2.0,9.27,316202
1631.0,1,1.0,41.0,0.0,4.81,271460
993.0,4,2.0,28.0,2.0,4.08,197848
1249.0,5,1.0,2.0,0.0,9.65,281445
1339.0,1,2.0,2.0,0.0,5.4,253139
1779.0,4,3.0,13.0,0.0,4.16,327062
1941.0,4,1.0,39.0,1.0,9.19,363540
2730.0,3,3.0,3.0,1.0,6.12,468950
1201.0,4,3.0,10.0,0.0,7.86,252012
2391.0,3,2.0,30.0,2.0,8.31,408643
1672.0,1,2.0,42.0,0.0,4.08,259466
2205.0,5,1.0,26.0,2.0,8.64,410308
2029.0,4,1.0,42.0,1.0,8.15,368408
1900.0,5,1.0,1.0,2.0,9.47,386494
2095.0,2,2.0,48.0,0.0,6.61,370221
1974.0,2,1.0,8.0,0.0,7.67,391313
3273.0,3,1.0,27.0,0.0,8.25,565769
1417.0,5,3.0,30.0,0.0,8.61,291834
1481.0,3,2.0,33.0,2.0,4.56,265087
1426.0,1,1.0,14.0,2.0,1.46,249254
1467.0,5,1.0,47.0,2.0,4.62,248341
1418.0,1,2.0,24.0,1.0,7.06,255226
2513.0,3,3.0,35.0,2.0,5.05,431205
2652.0,5,2.0,7.0,0.0,7.74,493811
1458.0,3,2.0,8.0,1.0,4.21,284905
1301.0,5,1.0,36.0,0.0,6.71,245483
1469.0,2,3.0,44.0,2.0,7.74,285698
2180.0,3,1.0,38.0,2.0,5.91,363536
1922.0,2,1.0,31.0,0.0,2.84,327038
891.0,3,2.0,16.0,0.0,3.63,188857
2729.0,5,1.0,34.0,1.0,7.74,483536
2878.0,5,3.0,36.0,2.0,5.34,512210
1567.0,4,3.0,43.0,1.0,9.71,306740
1972.0,1,2.0,28.0,1.0,7.44,336538
2001.0,5,1.0,6.0,0.0,9.61,398672
2195.0,2,2.0,27.0,1.0,4.84,375004
3006.0,5,2.0,8.0,1.0,5.28,522957
1321.0,2,1.0,5.0,2.0,5.73,251671
972.0,4,3.0,28.0,2.0,7.37,216289
1361.0,2,3.0,16.0,1.0,3.27,254379
1780.0,3,1.0,15.0,0.0,5.02,299426
2877.0,1,1.0,22.0,2.0,2.11,427757
1934.0,4,2.0,2.0,1.0,1.01,332322
1790.0,1,2.0,20.0,0.0,1.35,281477
2513.0,4,2.0,25.0,1.0,9.8,446932
3316.0,4,1.0,35.0,2.0,3.18,559964
1481.0,4,3.0,41.0,0.0,6.97,276648
1506.0,1,1.0,36.0,2.0,8.55,266230
2426.0,4,2.0,21.0,2.0,5.96,440922
2209.0,1,2.0,41.0,2.0,2.38,330113
2150.0,5,1.0,41.0,1.0,6.4,389779
2154.0,2,2.0,10.0,2.0,7.93,380275
2465.0,4,2.0,15.0,0.0,9.78,464227
2292.0,3,1.0,7.0,0.0,6.16,388975
2104.0,4,2.0,39.0,1.0,4.07,360411
2440.0,2,2.0,39.0,1.0,6.84,399240
2502.0,2,3.0,44.0,0.0,1.62,399868
2629.0,1,1.0,1.0,2.0,9.08,481258
2189.0,5,3.0,29.0,1.0,2.07,358340
1888.0,1,2.0,11.0,0.0,8.34,352262
2524.0,5,1.0,9.0,1.0,6.38,449643
1310.0,4,2.0,43.0,1.0,4.54,228724
2021.0,3,1.0,10.0,0.0,5.26,360800
1564.0,4,3.0,14.0,1.0,8.69,340079
1817.0,2,1.0,15.0,0.0,4.06,320745
2567.0,2,2.0,16.0,1.0,8.83,458684
1915.0,3,2.0,25.0,0.0,1.79,321134
1828.0,1,2.0,1.0,1.0,7.99,324150
984.0,5,1.0,49.0,2.0,8.63,233231
2248.0,4,3.0,11.0,2.0,2.64,414994
2187.0,2,3.0,25.0,2.0,4.87,364888
3098.0,1,1.0,22.0,1.0,2.49,489608
1615.0,3,2.0,17.0,1.0,7.36,320390
1931.0,2,3.0,31.0,2.0,5.82,358546
1950.0,3,2.0,48.0,2.0,6.72,344909
2746.0,4,1.0,37.0,0.0,2.77,432449
1743.0,5,2.0,46.0,0.0,2.91,297420
1967.0,2,3.0,2.0,0.0,1.37,319871
2165.0,2,3.0,37.0,2.0,3.9,366938
1912.0,4,2.0,2.0,2.0,6.04,364280
1916.0,5,2.0,0.0,0.0,7.0,387900
2444.0,2,1.0,29.0,1.0,4.92,417263
1184.0,5,2.0,44.0,2.0,9.58,270574
2517.0,3,1.0,20.0,1.0,5.75,427538
1465.0,5,3.0,12.0,1.0,1.48,288912
2026.0,1,2.0,26.0,2.0,7.53,356634
2739.0,3,3.0,35.0,0.0,2.09,441497
1467.0,1,2.0,21.0,2.0,5.79,245604
2929.0,5,3.0,9.0,0.0,6.08,542454
931.0,4,1.0,38.0,2.0,6.41,231788
500.0,1,1.0,14.0,2.0,2.5,120472
1499.0,1,3.0,3.0,2.0,6.55,301894
1187.0,1,3.0,31.0,1.0,9.73,256588
2225.0,2,1.0,22.0,2.0,7.55,384444
1946.0,5,3.0,5.0,1.0,9.3,405293
1032.0,2,3.0,19.0,0.0,6.33,233834
2323.0,1,1.0,36.0,0.0,2.73,363643
2190.0,1,1.0,19.0,2.0,7.0,362262
1740.0,1,2.0,11.0,0.0,6.61,318673
2908.0,5,3.0,32.0,2.0,6.42,534190
1158.0,5,3.0,27.0,0.0,5.41,248205
885.0,2,1.0,7.0,1.0,5.76,191184
1385.0,4,1.0,0.0,2.0,4.01,272732
1773.0,2,1.0,36.0,1.0,5.67,285252
1946.0,3,2.0,21.0,1.0,2.78,333015
2011.0,1,1.0,20.0,1.0,2.67,321125
1049.0,1,3.0,31.0,2.0,1.76,196696
2666.0,2,3.0,34.0,1.0,4.93,439687
2006.0,2,1.0,45.0,0.0,3.49,321127
2074.0,5,3.0,49.0,2.0,6.02,376550
2142.0,5,1.0,47.0,2.0,4.12,387901
2069.0,2,2.0,5.0,1.0,9.4,376442
2597.0,2,3.0,45.0,0.0,5.52,386289
1918.0,2,2.0,39.0,1.0,3.95,311632
2225.0,2,1.0,28.0,1.0,7.63,403612
1746.0,3,1.0,6.0,0.0,1.33,264491
2664.0,5,3.0,39.0,1.0,5.27,454196
1394.0,4,2.0,12.0,1.0,4.03,277845
2881.0,4,3.0,37.0,1.0,9.28,480336
1776.0,3,2.0,17.0,1.0,1.11,295765
1877.0,3,2.0,7.0,0.0,7.67,383005
1391.0,3,1.0,10.0,1.0,5.37,268885
2304.0,1,2.0,32.0,1.0,1.77,348604
1408.0,5,3.0,37.0,0.0,9.75,285123
1532.0,4,1.0,47.0,0.0,5.66,274828
666.0,2,3.0,26.0,0.0,6.53,157794
850.0,5,1.0,42.0,2.0,4.86,186022
2271.0,4,3.0,26.0,1.0,1.96,436720
1220.0,5,3.0,9.0,1.0,3.16,246233
1771.0,1,1.0,2.0,0.0,2.75,289110
1798.0,2,1.0,44.0,1.0,5.54,288235
1105.0,4,3.0,26.0,2.0,7.92,214273
1667.0,2,1.0,14.0,1.0,2.07,255019
1816.0,1,3.0,15.0,1.0,1.33,302389
1925.0,3,3.0,12.0,0.0,1.47,321524
1391.0,2,2.0,10.0,1.0,1.41,222252
1199.0,4,2.0,20.0,0.0,4.94,223843
1631.0,3,1.0,10.0,1.0,8.6,304226
2879.0,4,2.0,29.0,0.0,3.36,498265
2185.0,1,1.0,47.0,1.0,4.8,365552
2144.0,2,3.0,21.0,1.0,5.04,392658
2814.0,3,2.0,44.0,2.0,1.48,443757
1820.0,3,2.0,30.0,1.0,6.77,332316
2045.0,3,1.0,16.0,1.0,4.33,369566
1327.0,5,1.0,5.0,2.0,4.11,275622
1799.0,2,2.0,45.0,1.0,9.94,324179
2411.0,5,2.0,26.0,0.0,9.77,459123
2160.0,2,1.0,32.0,0.0,8.36,372179
1425.0,2,2.0,47.0,2.0,5.13,245696
2103.0,5,2.0,11.0,0.0,2.79,377347
1643.0,1,2.0,39.0,0.0,7.05,275256
1654.0,5,3.0,11.0,2.0,3.13,301641
2133.0,5,3.0,37.0,1.0,8.85,411218
1874.0,4,1.0,24.0,0.0,4.82,332042
1965.0,4,3.0,26.0,2.0,9.04,378408
2790.0,5,3.0,32.0,1.0,3.64,479381
1893.0,4,2.0,38.0,2.0,3.34,337078
1568.0,3,3.0,28.0,2.0,1.03,274391
3017.0,5,1.0,18.0,1.0,6.15,522190
1773.0,2,3.0,48.0,0.0,8.55,311628
930.0,1,2.0,1.0,1.0,3.02,183135
1557.0,4,2.0,44.0,2.0,5.31,293600
500.0,3,2.0,10.0,0.0,9.86,143989
2430.0,3,1.0,10.0,1.0,4.54,427552
1550.0,1,1.0,48.0,2.0,9.45,289618
1354.0,2,1.0,40.0,2.0,8.44,267571
2443.0,4,2.0,2.0,2.0,5.45,442820
809.0,3,1.0,31.0,1.0,6.72,170582
2121.0,3,1.0,39.0,2.0,1.59,327252
561.0,3,1.0,31.0,0.0,5.65,138262
1403.0,5,2.0,49.0,2.0,7.84,253066
1077.0,4,3.0,15.0,2.0,3.07,221622
2860.0,1,3.0,6.0,1.0,1.26,475121
2304.0,3,3.0,22.0,0.0,3.14,377898
1692.0,1,3.0,8.0,0.0,8.25,295643
2141.0,3,2.0,17.0,1.0,5.13,367349
775.0,3,3.0,7.0,2.0,3.82,182665
718.0,1,1.0,42.0,1.0,3.69,120204
2030.0,5,1.0,9.0,1.0,5.98,369623
3149.0,1,1.0,27.0,0.0,7.71,508192
1962.0,5,1.0,37.0,2.0,2.63,357845
1485.0,2,3.0,31.0,1.0,4.91,253338
1861.0,2,1.0,49.0,1.0,3.42,306067
1952.0,1,3.0,46.0,0.0,4.54,311572
1721.0,2,1.0,0.0,0.0,6.12,320619
939.0,3,2.0,23.0,2.0,6.5,205980
2101.0,3,2.0,32.0,2.0,9.77,415307
1743.0,1,2.0,7.0,2.0,3.46,331686
2516.0,3,1.0,0.0,0.0,5.33,408374
1579.0,5,1.0,30.0,2.0,2.06,296601
1740.0,2,3.0,35.0,1.0,9.74,322076
2820.0,3,2.0,48.0,1.0,5.88,472250
1570.0,1,1.0,20.0,0.0,2.92,276708
1266.0,1,2.0,0.0,2.0,3.8,229509
1084.0,3,3.0,40.0,0.0,6.64,224545
1620.0,5,1.0,6.0,0.0,5.08,282507
1092.0,2,3.0,34.0,2.0,5.41,221049
1630.0,1,2.0,49.0,2.0,1.95,271723
1865.0,5,2.0,13.0,0.0,9.56,404485
2663.0,5,2.0,45.0,0.0,5.18,465114
2702.0,4,2.0,28.0,2.0,3.98,457712
1672.0,4,1.0,4.0,0.0,8.01,333641
1999.0,1,2.0,47.0,2.0,3.31,323946
2241.0,4,2.0,20.0,2.0,2.32,405087
1684.0,5,3.0,17.0,0.0,3.32,297177
2193.0,3,3.0,22.0,1.0,1.91,342776
2337.0,2,1.0,18.0,2.0,5.06,405907
2049.0,3,1.0,31.0,2.0,3.12,345210
1682.0,1,3.0,14.0,1.0,2.24,275701
1446.0,3,1.0,16.0,0.0,7.97,270076
1620.0,2,2.0,17.0,2.0,9.32,303185
2578.0,1,3.0,7.0,1.0,3.87,427770
2718.0,1,1.0,7.0,2.0,4.19,439700
2202.0,5,2.0,35.0,0.0,6.38,417511
2129.0,4,1.0,48.0,0.0,7.65,376483
2206.0,1,3.0,0.0,2.0,1.52,360241
1793.0,5,2.0,21.0,0.0,7.07,337005
1755.0,5,2.0,29.0,1.0,8.33,364316
1396.0,5,1.0,30.0,0.0,8.13,287822
1766.0,1,3.0,9.0,1.0,4.95,319637
3156.0,1,2.0,45.0,0.0,8.4,523730
2321.0,3,3.0,48.0,2.0,5.92,427624
1595.0,4,1.0,9.0,0.0,2.68,267852
1517.0,1,1.0,1.0,1.0,3.57,251700
1281.0,5,1.0,20.0,1.0,6.33,237760
2035.0,3,2.0,15.0,2.0,8.22,377154
934.0,5,1.0,46.0,2.0,7.43,198211
2092.0,2,3.0,42.0,0.0,2.92,329924
2831.0,2,2.0,19.0,2.0,3.03,485052
1525.0,3,1.0,5.0,2.0,9.43,295747
1980.0,1,2.0,2.0,2.0,3.78,381795
2434.0,2,1.0,32.0,2.0,5.6,401526
2140.0,5,2.0,40.0,1.0,3.71,367319
1060.0,1,2.0,38.0,2.0,3.43,174239
1910.0,3,1.0,31.0,2.0,6.95,341677
1813.0,3,2.0,11.0,1.0,8.16,359029
1543.0,4,2.0,22.0,1.0,4.68,303083
1411.0,2,2.0,0.0,2.0,2.45,268074
2849.0,1,3.0,21.0,2.0,5.28,473014
1566.0,1,3.0,43.0,2.0,4.61,248086
1292.0,5,2.0,1.0,2.0,4.92,282218
2182.0,1,3.0,14.0,2.0,3.16,392917
1878.0,3,2.0,18.0,0.0,7.93,364427
1755.0,2,2.0,35.0,0.0,2.82,285253
2093.0,3,3.0,34.0,2.0,7.3,377699
2017.0,3,2.0,49.0,0.0,7.68,351682
2379.0,1,2.0,6.0,2.0,3.15,379007
1970.0,5,3.0,10.0,1.0,2.56,360599
1430.0,2,3.0,46.0,0.0,6.22,258709
1583.0,3,3.0,26.0,1.0,9.28,314242
1926.0,5,1.0,14.0,0.0,5.86,385430
1153.0,5,2.0,7.0,2.0,3.38,266203
701.0,5,3.0,29.0,1.0,7.67,186382
1373.0,2,1.0,44.0,0.0,2.81,226374
2098.0,1,1.0,8.0,1.0,4.75,355126
1481.0,3,1.0,25.0,2.0,9.61,298670
1127.0,5,3.0,31.0,0.0,8.21,254947
1054.0,3,3.0,41.0,2.0,5.61,213647
1636.0,2,3.0,24.0,1.0,2.28,308672
1306.0,5,2.0,14.0,1.0,4.72,284195
1631.0,1,1.0,35.0,2.0,9.05,280843
878.0,4,1.0,15.0,2.0,2.69,170138
1809.0,4,2.0,10.0,0.0,9.84,350696
1684.0,5,3.0,10.0,1.0,7.18,364314
2218.0,2,1.0,42.0,1.0,4.36,374792
2455.0,2,2.0,48.0,2.0,1.83,405434
2255.0,2,3.0,49.0,0.0,4.79,382809
2388.0,1,3.0,31.0,2.0,2.94,389675
2047.0,1,1.0,43.0,2.0,8.74,349328
2916.0,4,2.0,48.0,0.0,7.5,521934
902.0,3,1.0,8.0,0.0,2.84,167327
2086.0,3,2.0,23.0,0.0,3.01,343015
2467.0,3,2.0,36.0,0.0,1.58,411261
1382.0,4,1.0,16.0,1.0,1.46,249825
1157.0,5,1.0,31.0,1.0,5.42,258603
1313.0,2,3.0,42.0,1.0,7.85,262532
1310.0,5,3.0,12.0,0.0,3.54,277550
1915.0,2,3.0,44.0,1.0,4.11,315376
1745.0,4,1.0,19.0,1.0,9.05,347029
2372.0,3,3.0,3.0,0.0,9.98,451900
1721.0,1,1.0,38.0,0.0,8.01,310489
2136.0,3,1.0,49.0,2.0,1.04,341732
1005.0,5,1.0,12.0,1.0,6.55,237870
2199.0,1,1.0,34.0,1.0,3.52,331289
1513.0,5,1.0,48.0,0.0,4.16,279372
2031.0,5,3.0,5.0,1.0,9.72,423067
1980.0,5,2.0,16.0,0.0,7.68,373649
2532.0,1,3.0,35.0,0.0,1.49,384086
1870.0,5,3.0,4.0,1.0,7.13,375253
688.0,3,2.0,26.0,1.0,1.12,117540
978.0,1,1.0,45.0,1.0,8.98,192205
2239.0,4,3.0,17.0,0.0,6.37,413575
1645.0,4,3.0,40.0,1.0,6.68,299910
2483.0,2,2.0,21.0,1.0,1.15,400372
1964.0,1,1.0,4.0,0.0,1.75,331396
1351.0,1,2.0,18.0,1.0,5.74,262200
1316.0,5,3.0,3.0,2.0,8.36,301402
568.0,4,3.0,14.0,2.0,3.56,148970
3038.0,1,3.0,3.0,1.0,4.6,501364
654.0,3,2.0,49.0,1.0,2.08,132823
2182.0,2,1.0,6.0,1.0,5.53,413184
2363.0,4,1.0,22.0,2.0,9.6,458548
1888.0,3,2.0,29.0,1.0,3.39,349488
